ecosystem,name
npm,express
npm,lodash
npm,react
npm,axios
npm,next
npm,typescript
npm,webpack
npm,eslint
npm,prettier
npm,chalk
npm,commander
npm,inquirer
npm,debug
npm,moment
npm,uuid
npm,dotenv
npm,cors
npm,body-parser
npm,jsonwebtoken
npm,bcrypt
npm,mongoose
npm,pg
npm,redis
npm,socket.io
npm,jest
npm,mocha
npm,chai
npm,nodemon
npm,pm2
npm,rimraf
npm,mkdirp
npm,glob
npm,minimist
npm,yargs
npm,fs-extra
npm,node-fetch
npm,request
npm,semver
npm,underscore
npm,async
npm,bluebird
npm,rxjs
npm,ramda
npm,date-fns
npm,dayjs
npm,nanoid
npm,zod
npm,ajv
npm,cross-env
npm,concurrently
npm,husky
npm,lint-staged
npm,tslib
npm,vue
npm,angular
npm,svelte
npm,ember-cli
npm,gulp
npm,grunt
npm,babel-core
pypi,requests
pypi,flask
pypi,django
pypi,numpy
pypi,pandas
pypi,scipy
pypi,matplotlib
pypi,scikit-learn
pypi,tensorflow
pypi,torch
pypi,pillow
pypi,sqlalchemy
pypi,celery
pypi,redis
pypi,boto3
pypi,pytest
pypi,setuptools
pypi,pip
pypi,wheel
pypi,virtualenv
pypi,black
pypi,flake8
pypi,mypy
pypi,pylint
pypi,isort
pypi,pydantic
pypi,fastapi
pypi,uvicorn
pypi,gunicorn
pypi,httpx
pypi,aiohttp
pypi,beautifulsoup4
pypi,lxml
pypi,scrapy
pypi,cryptography
pypi,paramiko
pypi,fabric
pypi,click
pypi,typer
pypi,rich
pypi,tqdm
pypi,pyyaml
pypi,toml
pypi,jsonschema
pypi,marshmallow
pypi,jinja2
pypi,mako
pypi,poetry
pypi,twine
pypi,sphinx
pypi,mkdocs
pypi,ipython
pypi,jupyter
pypi,notebook
pypi,streamlit
pypi,gradio
pypi,transformers
pypi,openai
pypi,langchain
pypi,opencv-python
pypi,networkx
crates,serde
crates,tokio
crates,clap
crates,reqwest
crates,regex
crates,rand
crates,serde-json
crates,anyhow
crates,thiserror
crates,log
crates,env-logger
crates,tracing
crates,tracing-subscriber
crates,hyper
crates,axum
crates,actix-web
crates,warp
crates,rocket
crates,diesel
crates,sqlx
crates,rusqlite
crates,chrono
crates,uuid
crates,bytes
crates,futures
crates,async-trait
crates,rayon
crates,crossbeam
crates,parking-lot
crates,dashmap
crates,once-cell
crates,lazy-static
crates,itertools
crates,num
crates,sha2
crates,ed25519-dalek
crates,ring
crates,rustls
crates,native-tls
crates,url
crates,http
crates,tower
crates,tonic
crates,prost
crates,serde-yaml
crates,toml
crates,config
crates,tempfile
crates,walkdir
crates,glob
crates,notify
crates,indicatif
crates,colored
crates,structopt
